_time,occupancy,temperature
2025-04-12 10:50:00+00:00,0,23.37
2025-04-12 10:50:00+00:00,0,19.93
2025-04-12 10:50:00+00:00,0,20.5
2025-04-12 11:05:00+00:00,0,20.43
2025-04-12 11:35:00+00:00,0,20.685000000000002
2025-04-12 11:40:00+00:00,0,20.87
2025-04-12 11:50:00+00:00,0,23.43
2025-04-12 12:05:00+00:00,0,20.62
2025-04-12 12:35:00+00:00,0,21.025
2025-04-12 12:40:00+00:00,0,21.18
2025-04-12 12:50:00+00:00,0,23.56
2025-04-12 13:35:00+00:00,0,21.34
2025-04-12 13:40:00+00:00,0,21.5
2025-04-12 13:50:00+00:00,0,23.68
2025-04-12 14:35:00+00:00,0,21.625
2025-04-12 14:40:00+00:00,0,21.75
2025-04-12 15:05:00+00:00,0,20.75
2025-04-12 15:35:00+00:00,0,21.84
2025-04-12 15:40:00+00:00,0,21.93
2025-04-12 16:35:00+00:00,0,22.025
2025-04-12 16:40:00+00:00,0,22.12
2025-04-12 16:50:00+00:00,0,23.62
2025-04-12 17:05:00+00:00,0,21.0
2025-04-12 17:35:00+00:00,0,22.215
2025-04-12 17:40:00+00:00,0,22.31
2025-04-12 18:05:00+00:00,0,21.06
2025-04-12 18:35:00+00:00,0,22.28
2025-04-12 18:40:00+00:00,0,22.25
2025-04-12 19:35:00+00:00,0,22.125
2025-04-12 19:40:00+00:00,0,22.0
2025-04-12 19:50:00+00:00,0,23.5
2025-04-12 20:05:00+00:00,0,20.25
2025-04-12 20:35:00+00:00,0,21.78
2025-04-12 20:40:00+00:00,0,21.56
2025-04-12 21:05:00+00:00,0,19.87
2025-04-12 21:40:00+00:00,0,21.12
2025-04-12 22:05:00+00:00,0,19.56
2025-04-12 22:35:00+00:00,0,20.935000000000002
2025-04-12 23:05:00+00:00,0,19.31
2025-04-12 23:35:00+00:00,0,20.560000000000002
2025-04-12 23:40:00+00:00,0,20.37
2025-04-13 00:05:00+00:00,0,19.215
2025-04-13 00:10:00+00:00,0,19.12
2025-04-13 00:35:00+00:00,0,20.245
2025-04-13 00:40:00+00:00,0,20.12
2025-04-13 00:50:00+00:00,0,23.31
2025-04-13 01:05:00+00:00,0,19.025
2025-04-13 01:10:00+00:00,0,18.93
2025-04-13 01:35:00+00:00,0,20.025
2025-04-13 01:50:00+00:00,0,23.25
2025-04-13 02:05:00+00:00,0,18.869999999999997
2025-04-13 02:10:00+00:00,0,18.81
2025-04-13 02:35:00+00:00,0,19.869999999999997
2025-04-13 02:40:00+00:00,0,19.81
2025-04-13 03:05:00+00:00,0,18.78
2025-04-13 03:10:00+00:00,0,18.75
2025-04-13 03:35:00+00:00,0,19.744999999999997
2025-04-13 03:40:00+00:00,0,19.68
2025-04-13 03:50:00+00:00,0,23.18
2025-04-13 04:05:00+00:00,0,18.715
2025-04-13 04:10:00+00:00,0,18.68
2025-04-13 04:35:00+00:00,0,19.65
2025-04-13 04:40:00+00:00,0,19.62
2025-04-13 05:05:00+00:00,0,18.65
2025-04-13 05:10:00+00:00,0,18.62
2025-04-13 05:50:00+00:00,0,23.12
2025-04-13 06:35:00+00:00,0,19.66
2025-04-13 07:10:00+00:00,0,19.06
2025-04-13 07:35:00+00:00,0,19.80666666666667
2025-04-13 08:05:00+00:00,0,19.28
2025-04-13 08:10:00+00:00,0,19.5
2025-04-13 08:35:00+00:00,0,20.16333333333333
2025-04-13 08:40:00+00:00,0,20.31
2025-04-13 09:05:00+00:00,0,19.84
2025-04-13 09:10:00+00:00,0,20.18
2025-04-13 09:35:00+00:00,0,20.59
2025-04-13 10:05:00+00:00,0,20.494999999999997
2025-04-13 10:10:00+00:00,0,20.81
2025-04-13 10:35:00+00:00,0,21.243333333333332
2025-04-13 10:40:00+00:00,0,21.43
2025-04-13 11:05:00+00:00,0,20.994999999999997
2025-04-13 11:35:00+00:00,0,21.68
2025-04-13 12:35:00+00:00,0,22.143333333333334
2025-04-13 13:05:00+00:00,0,21.560000000000002
2025-04-13 13:10:00+00:00,0,21.62
2025-04-13 13:35:00+00:00,0,22.310000000000002
2025-04-13 13:40:00+00:00,0,22.37
2025-04-13 14:05:00+00:00,0,21.525
2025-04-13 14:35:00+00:00,0,22.34
2025-04-13 15:05:00+00:00,0,21.305
2025-04-13 15:35:00+00:00,0,22.244999999999997
2025-04-13 15:40:00+00:00,0,22.18
2025-04-13 16:05:00+00:00,0,21.244999999999997
2025-04-13 16:10:00+00:00,0,21.31
2025-04-13 16:35:00+00:00,0,22.179999999999996
2025-04-13 18:05:00+00:00,0,21.119999999999997
2025-04-13 18:10:00+00:00,0,20.93
2025-04-13 18:35:00+00:00,0,22.013333333333332
2025-04-13 19:35:00+00:00,0,21.55666666666667
2025-04-13 19:40:00+00:00,0,21.37
2025-04-13 20:05:00+00:00,0,20.0
2025-04-13 20:10:00+00:00,0,19.75
2025-04-13 20:35:00+00:00,0,21.036666666666665
2025-04-13 21:05:00+00:00,0,19.560000000000002
2025-04-13 21:10:00+00:00,0,19.37
2025-04-13 21:35:00+00:00,0,20.576666666666664
2025-04-13 22:05:00+00:00,0,19.275
2025-04-13 22:10:00+00:00,0,19.18
2025-04-13 22:35:00+00:00,0,19.156
2025-04-13 22:35:00+00:00,0,20.34
2025-04-13 23:35:00+00:00,0,19.040000000000003
2025-04-13 23:40:00+00:00,0,19.0
2025-04-13 23:40:00+00:00,0,20.06
2025-04-14 00:35:00+00:00,0,18.965
2025-04-14 02:50:00+00:00,0,23.06
2025-04-14 03:40:00+00:00,0,19.790000000000003
2025-04-14 04:35:00+00:00,0,19.03
2025-04-14 05:25:00+00:00,1,23.18
2025-04-14 05:25:00+00:00,1,19.06
2025-04-14 05:25:00+00:00,1,19.87
2025-04-14 05:40:00+00:00,0,19.83
2025-04-14 05:55:00+00:00,1,19.81
2025-04-14 06:35:00+00:00,1,19.244999999999997
2025-04-14 06:40:00+00:00,0,19.43
2025-04-14 06:40:00+00:00,0,19.935
2025-04-14 06:50:00+00:00,1,23.275
2025-04-14 06:50:00+00:00,1,19.43
2025-04-14 06:50:00+00:00,1,20.06
2025-04-14 06:55:00+00:00,1,23.37
2025-04-14 07:35:00+00:00,1,19.65
2025-04-14 07:40:00+00:00,1,20.244999999999997
2025-04-14 07:45:00+00:00,1,20.43
2025-04-14 07:50:00+00:00,1,23.435000000000002
2025-04-14 07:55:00+00:00,1,23.5
2025-04-14 08:40:00+00:00,0,20.683333333333334
2025-04-14 08:50:00+00:00,1,23.53
2025-04-14 08:50:00+00:00,1,20.31
2025-04-14 08:50:00+00:00,1,20.81
2025-04-14 09:00:00+00:00,1,23.56
2025-04-14 09:40:00+00:00,0,20.936666666666667
2025-04-14 09:50:00+00:00,0,23.53
2025-04-14 10:40:00+00:00,0,21.080000000000002
2025-04-14 10:50:00+00:00,0,23.435000000000002
2025-04-14 11:40:00+00:00,0,21.246666666666666
2025-04-14 11:50:00+00:00,0,23.34
2025-04-14 12:40:00+00:00,0,20.775
2025-04-14 12:40:00+00:00,0,21.436666666666667
2025-04-14 13:40:00+00:00,0,20.965
2025-04-14 13:50:00+00:00,0,23.4
2025-04-14 14:40:00+00:00,0,21.03
2025-04-14 14:45:00+00:00,0,21.81
2025-04-14 14:50:00+00:00,0,23.41
2025-04-14 15:40:00+00:00,0,21.889999999999997
2025-04-14 17:40:00+00:00,0,21.89
2025-04-14 17:45:00+00:00,0,21.87
2025-04-14 18:40:00+00:00,0,21.66333333333333
2025-04-14 18:50:00+00:00,0,23.28
2025-04-14 19:40:00+00:00,0,20.09
2025-04-14 19:40:00+00:00,0,21.369999999999997
2025-04-14 20:40:00+00:00,0,19.655
2025-04-14 21:40:00+00:00,0,19.405
2025-04-14 21:50:00+00:00,0,23.215
2025-04-14 22:40:00+00:00,0,20.369999999999997
2025-04-14 23:40:00+00:00,0,20.185
2025-04-15 00:05:00+00:00,0,23.14
2025-04-15 00:40:00+00:00,0,18.935000000000002
2025-04-15 00:40:00+00:00,0,19.965
2025-04-15 00:45:00+00:00,0,18.87
2025-04-15 01:05:00+00:00,0,23.09
2025-04-15 02:05:00+00:00,0,23.03
2025-04-15 02:10:00+00:00,0,23.0
2025-04-15 02:40:00+00:00,0,18.775
2025-04-15 02:40:00+00:00,0,19.663333333333338
2025-04-15 03:40:00+00:00,0,19.59
2025-04-15 04:05:00+00:00,0,23.080000000000002
2025-04-15 04:40:00+00:00,0,18.59
2025-04-15 04:40:00+00:00,0,19.494999999999997
2025-04-15 04:45:00+00:00,0,18.56
2025-04-15 05:40:00+00:00,0,18.53
2025-04-15 05:40:00+00:00,0,19.369999999999997
2025-04-15 05:45:00+00:00,0,18.5
2025-04-15 06:05:00+00:00,0,23.060000000000002
2025-04-15 06:40:00+00:00,0,18.560000000000002
2025-04-15 07:05:00+00:00,0,22.953333333333333
2025-04-15 07:10:00+00:00,0,22.93
2025-04-15 07:40:00+00:00,0,18.745
2025-04-15 07:40:00+00:00,0,19.436666666666667
2025-04-15 08:05:00+00:00,0,22.929999999999996
2025-04-15 08:40:00+00:00,0,19.09
2025-04-15 08:40:00+00:00,0,19.786666666666665
2025-04-15 09:05:00+00:00,0,22.965
2025-04-15 09:40:00+00:00,0,20.263333333333332
2025-04-15 10:40:00+00:00,0,20.060000000000002
2025-04-15 10:40:00+00:00,0,20.65
2025-04-15 11:05:00+00:00,0,23.186666666666667
2025-04-15 11:40:00+00:00,0,20.416666666666668
2025-04-15 11:40:00+00:00,0,21.16333333333333
2025-04-15 12:05:00+00:00,0,23.416666666666668
2025-04-15 12:40:00+00:00,0,20.625
2025-04-15 12:40:00+00:00,0,21.55666666666666
2025-04-15 13:40:00+00:00,0,20.905
2025-04-15 14:05:00+00:00,0,23.744999999999997
2025-04-15 14:10:00+00:00,0,23.81
2025-04-15 14:40:00+00:00,0,21.185
2025-04-15 14:40:00+00:00,0,22.24666666666667
2025-04-15 15:40:00+00:00,0,21.405
2025-04-15 15:40:00+00:00,0,22.496666666666666
2025-04-15 15:45:00+00:00,0,22.56
2025-04-15 16:40:00+00:00,0,22.639999999999997
2025-04-15 16:45:00+00:00,0,22.68
2025-04-15 17:40:00+00:00,0,21.59
2025-04-15 17:40:00+00:00,0,22.72666666666667
2025-04-15 17:45:00+00:00,0,22.75
2025-04-15 18:05:00+00:00,0,23.78
2025-04-15 18:10:00+00:00,0,23.75
2025-04-15 18:40:00+00:00,0,22.655
2025-04-15 18:45:00+00:00,0,21.25
2025-04-15 19:05:00+00:00,0,23.715
2025-04-15 19:40:00+00:00,0,22.405
2025-04-15 20:05:00+00:00,0,23.65
2025-04-15 20:40:00+00:00,0,20.685
2025-04-15 20:40:00+00:00,0,22.036666666666665
2025-04-15 20:45:00+00:00,0,20.56
2025-04-15 21:40:00+00:00,0,20.465
2025-04-15 21:40:00+00:00,0,21.763333333333332
2025-04-15 23:40:00+00:00,0,20.27
2025-04-15 23:40:00+00:00,0,21.413333333333338
2025-04-16 00:05:00+00:00,0,23.58
2025-04-16 00:40:00+00:00,0,20.215
2025-04-16 00:40:00+00:00,0,21.33
2025-04-16 01:05:00+00:00,0,23.52
2025-04-16 01:40:00+00:00,0,20.15
2025-04-16 01:40:00+00:00,0,21.27
2025-04-16 02:40:00+00:00,0,21.310000000000002
2025-04-16 03:40:00+00:00,0,21.275
2025-04-16 04:05:00+00:00,0,23.465
2025-04-16 05:05:00+00:00,0,23.429999999999996
2025-04-16 05:40:00+00:00,0,21.14
2025-04-16 06:05:00+00:00,0,23.39
2025-04-16 06:40:00+00:00,0,21.16
2025-04-16 07:40:00+00:00,0,20.435
2025-04-16 07:40:00+00:00,0,21.30666666666667
2025-04-16 08:40:00+00:00,0,20.744999999999997
2025-04-16 08:40:00+00:00,0,21.576666666666664
2025-04-16 09:05:00+00:00,0,23.47666666666667
2025-04-16 09:40:00+00:00,0,21.973333333333333
2025-04-16 10:05:00+00:00,0,23.540000000000003
2025-04-16 10:40:00+00:00,0,21.775
2025-04-16 10:40:00+00:00,0,22.453333333333333
2025-04-16 10:45:00+00:00,0,22.62
2025-04-16 11:05:00+00:00,0,23.639999999999997
2025-04-16 11:30:00+00:00,0,23.679999999999996
2025-04-16 11:40:00+00:00,0,22.373333333333335
2025-04-16 11:40:00+00:00,0,22.91333333333333
2025-04-16 11:45:00+00:00,0,22.5
2025-04-16 12:05:00+00:00,0,23.805
2025-04-16 12:10:00+00:00,0,23.93
2025-04-16 12:40:00+00:00,0,22.59
2025-04-16 12:40:00+00:00,0,23.30666666666666
2025-04-16 13:05:00+00:00,0,24.096666666666664
2025-04-16 13:10:00+00:00,0,24.18
2025-04-16 13:40:00+00:00,0,22.775
2025-04-16 13:40:00+00:00,0,23.596666666666664
2025-04-16 13:45:00+00:00,0,22.87
2025-04-16 14:05:00+00:00,0,24.244999999999997
2025-04-16 14:10:00+00:00,0,24.31
2025-04-16 14:40:00+00:00,0,22.995
2025-04-16 14:40:00+00:00,0,23.775
2025-04-16 14:45:00+00:00,0,23.87
2025-04-16 15:40:00+00:00,0,23.909999999999997
2025-04-16 16:05:00+00:00,0,24.349999999999998
2025-04-16 16:10:00+00:00,0,24.37
2025-04-16 16:40:00+00:00,0,24.016666666666666
2025-04-16 16:45:00+00:00,0,24.06
2025-04-16 17:40:00+00:00,0,24.03
2025-04-16 17:45:00+00:00,0,24.0
2025-04-16 18:05:00+00:00,0,24.34
2025-04-16 18:40:00+00:00,0,22.805
2025-04-16 18:40:00+00:00,0,23.873333333333335
2025-04-16 19:05:00+00:00,0,24.28
2025-04-16 19:10:00+00:00,0,24.25
2025-04-16 19:40:00+00:00,0,22.4
2025-04-16 19:40:00+00:00,0,23.685
2025-04-16 20:05:00+00:00,0,24.215
2025-04-16 20:40:00+00:00,0,21.965
2025-04-16 21:40:00+00:00,0,21.655
2025-04-16 21:40:00+00:00,0,23.013333333333332
2025-04-16 22:05:00+00:00,0,24.14
2025-04-16 22:10:00+00:00,0,24.12
2025-04-16 22:40:00+00:00,0,21.375
2025-04-16 23:40:00+00:00,0,21.123333333333335
2025-04-16 23:40:00+00:00,0,22.715
2025-04-16 23:45:00+00:00,0,22.81
2025-04-17 00:40:00+00:00,0,20.935
2025-04-17 00:40:00+00:00,0,22.436666666666667
2025-04-17 01:40:00+00:00,0,20.78
2025-04-17 03:10:00+00:00,0,23.929999999999996
2025-04-17 04:40:00+00:00,0,20.405
2025-04-17 04:40:00+00:00,0,21.465
2025-04-17 05:40:00+00:00,0,20.155
2025-04-17 05:40:00+00:00,0,21.185000000000002
2025-04-17 06:10:00+00:00,0,23.810000000000002
2025-04-17 07:40:00+00:00,0,20.055
2025-04-17 08:40:00+00:00,0,20.4
2025-04-17 09:40:00+00:00,0,21.286666666666665
2025-04-17 11:10:00+00:00,0,23.790000000000003
2025-04-17 11:40:00+00:00,0,21.39
2025-04-17 12:10:00+00:00,0,23.905
2025-04-17 12:40:00+00:00,0,22.055
2025-04-17 13:40:00+00:00,0,21.619999999999997
2025-04-17 13:40:00+00:00,0,22.30666666666667
2025-04-17 14:40:00+00:00,0,22.465
2025-04-17 15:10:00+00:00,0,24.179999999999996
2025-04-17 17:40:00+00:00,0,20.715
2025-04-17 17:40:00+00:00,0,21.830000000000002
2025-04-17 18:10:00+00:00,0,24.08
2025-04-17 18:40:00+00:00,0,20.275
2025-04-17 18:40:00+00:00,0,21.326666666666664
2025-04-17 19:40:00+00:00,0,19.995
2025-04-17 20:10:00+00:00,0,23.965
2025-04-17 20:40:00+00:00,0,19.810000000000002
2025-04-17 21:40:00+00:00,0,19.685000000000002
2025-04-17 22:10:00+00:00,0,23.89
2025-04-17 22:40:00+00:00,0,20.349999999999998
2025-04-17 23:40:00+00:00,0,19.473333333333333
2025-04-18 00:10:00+00:00,0,23.84
2025-04-18 01:40:00+00:00,0,19.4
2025-04-18 02:40:00+00:00,0,19.34
2025-04-18 02:40:00+00:00,0,20.119999999999997
2025-04-18 03:10:00+00:00,0,23.703333333333333
2025-04-18 04:40:00+00:00,0,20.03
2025-04-18 04:45:00+00:00,0,19.25
2025-04-18 05:40:00+00:00,0,19.953333333333333
2025-04-18 06:10:00+00:00,0,23.59
2025-04-18 06:40:00+00:00,0,19.055
2025-04-18 07:40:00+00:00,0,18.805
2025-04-18 07:40:00+00:00,0,19.64333333333333
2025-04-18 08:10:00+00:00,0,23.453333333333333
2025-04-18 08:40:00+00:00,0,18.619999999999997
2025-04-18 08:40:00+00:00,0,19.353333333333335
2025-04-18 09:40:00+00:00,0,19.123333333333335
2025-04-18 10:10:00+00:00,0,23.33
2025-04-18 10:40:00+00:00,0,18.4825
2025-04-18 10:40:00+00:00,0,19.008
2025-04-18 10:45:00+00:00,0,18.43
2025-04-18 11:10:00+00:00,0,23.27
2025-04-18 11:40:00+00:00,0,18.476666666666667
2025-04-18 13:40:00+00:00,0,18.685000000000002
2025-04-18 14:40:00+00:00,0,19.266666666666666
2025-04-18 15:40:00+00:00,0,19.349999999999998
2025-04-18 17:40:00+00:00,0,18.84
2025-04-18 17:40:00+00:00,0,19.516666666666666
2025-04-18 18:40:00+00:00,0,19.639999999999997
2025-04-18 19:10:00+00:00,0,23.08
2025-04-18 19:40:00+00:00,0,19.726666666666667
2025-04-18 20:40:00+00:00,0,18.810000000000002
2025-04-18 20:40:00+00:00,0,19.703333333333333
2025-04-18 22:40:00+00:00,0,19.805
2025-04-18 23:40:00+00:00,0,18.599999999999998
2025-04-19 00:40:00+00:00,0,19.623333333333335
2025-04-19 01:40:00+00:00,0,19.53
2025-04-19 04:40:00+00:00,0,19.465
2025-04-19 05:40:00+00:00,0,19.39
2025-04-19 06:40:00+00:00,0,18.465
2025-04-19 06:40:00+00:00,0,19.33
2025-04-19 07:40:00+00:00,0,19.27
2025-04-19 08:10:00+00:00,0,22.89
2025-04-19 12:10:00+00:00,0,22.84
2025-04-19 16:10:00+00:00,0,22.77
2025-04-19 16:40:00+00:00,0,19.476666666666667
2025-04-19 19:40:00+00:00,0,18.64
2025-04-19 19:40:00+00:00,0,19.52
2025-04-19 20:10:00+00:00,0,22.679999999999996
2025-04-19 20:40:00+00:00,0,18.58
2025-04-19 21:10:00+00:00,0,22.65
2025-04-20 00:10:00+00:00,0,22.58
2025-04-20 01:40:00+00:00,0,18.4
2025-04-20 01:45:00+00:00,0,18.37
2025-04-20 02:10:00+00:00,0,22.53
2025-04-20 05:15:00+00:00,0,22.43
2025-04-20 06:10:00+00:00,0,22.429999999999996
2025-04-20 06:40:00+00:00,0,18.525
2025-04-20 07:40:00+00:00,0,19.389999999999997
2025-04-20 08:40:00+00:00,0,18.976666666666663
2025-04-20 09:40:00+00:00,0,19.155
2025-04-20 09:40:00+00:00,0,19.686666666666667
2025-04-20 10:40:00+00:00,0,19.310000000000002
2025-04-20 11:40:00+00:00,0,19.976666666666667
2025-04-20 12:40:00+00:00,0,20.080000000000002
2025-04-20 13:10:00+00:00,0,22.47666666666667
2025-04-20 14:40:00+00:00,0,20.226666666666667
2025-04-20 16:40:00+00:00,0,19.413333333333338
2025-04-20 17:40:00+00:00,0,19.290000000000003
2025-04-20 17:40:00+00:00,0,20.185000000000002
2025-04-20 18:40:00+00:00,0,19.185000000000002
2025-04-20 21:40:00+00:00,0,19.89
2025-04-21 00:10:00+00:00,0,22.39
2025-04-21 00:40:00+00:00,0,18.89
2025-04-21 02:40:00+00:00,0,19.77
2025-04-21 05:10:00+00:00,0,22.33
2025-04-21 05:40:00+00:00,0,19.619999999999997
2025-04-21 08:40:00+00:00,0,19.766666666666666
2025-04-21 10:40:00+00:00,0,20.05666666666667
2025-04-21 12:40:00+00:00,0,20.330000000000002
2025-04-21 13:40:00+00:00,0,20.435000000000002
2025-04-21 18:10:00+00:00,0,22.203333333333333
2025-04-21 21:10:00+00:00,0,22.22666666666667
2025-04-21 21:40:00+00:00,0,20.099999999999998
2025-04-21 22:40:00+00:00,0,20.02
2025-04-22 00:45:00+00:00,0,18.953333333333333
2025-04-22 03:40:00+00:00,0,19.78
2025-04-22 04:40:00+00:00,0,19.715
2025-04-22 05:10:00+00:00,1,22.18
2025-04-22 05:10:00+00:00,1,18.81
2025-04-22 05:10:00+00:00,1,19.68
2025-04-22 05:50:00+00:00,1,20.25
2025-04-22 06:10:00+00:00,1,22.369999999999997
2025-04-22 06:15:00+00:00,1,22.56
2025-04-22 06:35:00+00:00,1,21.31
2025-04-22 06:35:00+00:00,1,21.25
2025-04-22 06:40:00+00:00,1,21.81
2025-04-22 07:10:00+00:00,1,22.89333333333333
2025-04-22 07:15:00+00:00,1,23.06
2025-04-22 07:35:00+00:00,1,22.12
2025-04-22 08:10:00+00:00,1,23.099999999999998
2025-04-22 08:10:00+00:00,1,22.185
2025-04-22 08:15:00+00:00,1,23.12
2025-04-22 08:15:00+00:00,1,22.06
2025-04-22 08:20:00+00:00,1,21.56
2025-04-22 09:10:00+00:00,0,23.159999999999997
2025-04-22 09:15:00+00:00,0,22.03
2025-04-22 09:20:00+00:00,1,22.5
2025-04-22 09:40:00+00:00,1,22.81
2025-04-22 10:05:00+00:00,1,23.179999999999996
2025-04-22 10:10:00+00:00,1,23.22666666666667
2025-04-22 10:15:00+00:00,1,23.25
2025-04-22 10:15:00+00:00,1,22.625
2025-04-22 10:20:00+00:00,1,22.75
2025-04-22 11:10:00+00:00,1,23.330000000000002
2025-04-22 11:15:00+00:00,1,22.53
2025-04-22 11:20:00+00:00,1,22.31
2025-04-22 11:35:00+00:00,1,23.31
2025-04-22 12:15:00+00:00,0,22.369999999999997
2025-04-22 12:30:00+00:00,1,22.43
2025-04-22 13:10:00+00:00,0,23.179999999999996
2025-04-22 13:15:00+00:00,0,22.06
2025-04-23 03:15:00+00:00,0,18.31
2025-04-23 04:15:00+00:00,0,18.25
2025-04-23 05:15:00+00:00,1,18.31
2025-04-23 06:15:00+00:00,1,18.93
2025-04-23 06:35:00+00:00,1,19.56
2025-04-23 07:10:00+00:00,1,22.99666666666667
2025-04-23 07:25:00+00:00,1,19.62
2025-04-23 07:35:00+00:00,1,20.12
2025-04-23 08:10:00+00:00,1,23.185000000000002
2025-04-23 08:40:00+00:00,1,20.62
2025-04-23 09:10:00+00:00,0,23.310000000000002
2025-04-23 09:15:00+00:00,1,20.75
2025-04-23 09:25:00+00:00,1,19.663333333333338
2025-04-23 09:30:00+00:00,1,18.12
2025-04-23 09:35:00+00:00,1,17.12
2025-04-23 09:35:00+00:00,1,20.68
2025-04-23 09:40:00+00:00,1,16.62
2025-04-23 09:45:00+00:00,1,16.12
2025-04-23 09:50:00+00:00,1,15.62
2025-04-23 09:55:00+00:00,0,15.62
2025-04-23 09:55:00+00:00,0,20.68
2025-04-23 10:35:00+00:00,1,20.465
2025-04-23 10:45:00+00:00,0,15.34
2025-04-23 10:50:00+00:00,1,15.06
2025-04-23 10:55:00+00:00,0,15.06
2025-04-23 11:10:00+00:00,0,23.409999999999997
2025-04-23 11:25:00+00:00,1,23.43
2025-04-23 11:45:00+00:00,1,15.09
2025-04-23 11:50:00+00:00,1,15.12
2025-04-23 12:00:00+00:00,1,15.453333333333333
2025-04-23 12:05:00+00:00,0,16.62
2025-04-23 12:10:00+00:00,1,23.465
2025-04-23 12:15:00+00:00,1,17.62
2025-04-23 12:30:00+00:00,1,19.12
2025-04-23 12:35:00+00:00,1,20.625
2025-04-23 13:35:00+00:00,0,21.125
2025-04-23 14:55:00+00:00,0,20.619999999999997
2025-04-23 18:35:00+00:00,0,21.060000000000002
2025-04-23 20:55:00+00:00,0,19.305
2025-04-24 04:00:00+00:00,0,18.18
2025-04-24 05:05:00+00:00,1,17.786666666666665
2025-04-24 05:10:00+00:00,0,15.596666666666666
2025-04-24 05:15:00+00:00,1,14.93
2025-04-24 05:20:00+00:00,1,15.43
2025-04-24 05:25:00+00:00,1,15.93
2025-04-24 05:35:00+00:00,1,15.263333333333334
2025-04-24 05:35:00+00:00,1,18.905
2025-04-24 05:40:00+00:00,1,16.93
2025-04-24 05:40:00+00:00,1,18.75
2025-04-24 05:45:00+00:00,1,17.93
2025-04-24 06:00:00+00:00,1,19.93
2025-04-24 06:10:00+00:00,0,22.99666666666667
2025-04-24 06:20:00+00:00,1,19.4
2025-04-24 06:25:00+00:00,1,17.456666666666667
2025-04-24 06:30:00+00:00,1,16.75
2025-04-24 06:35:00+00:00,1,16.215
2025-04-24 06:35:00+00:00,1,19.155
2025-04-24 06:40:00+00:00,0,16.68
2025-04-24 06:50:00+00:00,1,14.913333333333334
2025-04-24 07:10:00+00:00,1,23.159999999999997
2025-04-24 07:25:00+00:00,0,17.12
2025-04-24 07:50:00+00:00,0,17.62
2025-04-24 08:10:00+00:00,1,23.245
2025-04-24 08:35:00+00:00,0,20.244999999999997
2025-04-24 08:40:00+00:00,1,18.62
2025-04-24 09:10:00+00:00,1,23.349999999999998
2025-04-24 09:35:00+00:00,1,20.494999999999997
2025-04-24 09:40:00+00:00,1,20.56
2025-04-24 10:10:00+00:00,0,23.456666666666667
2025-04-24 10:20:00+00:00,1,15.87
2025-04-24 10:35:00+00:00,1,20.619999999999997
2025-04-24 10:50:00+00:00,0,15.87
2025-04-24 10:55:00+00:00,0,16.37
2025-04-24 11:00:00+00:00,1,16.87
2025-04-24 11:10:00+00:00,1,23.625
2025-04-24 11:10:00+00:00,1,17.87
2025-04-24 11:20:00+00:00,1,23.75
2025-04-24 11:20:00+00:00,1,18.87
2025-04-24 11:45:00+00:00,1,20.87
2025-04-24 11:45:00+00:00,1,21.18
2025-04-24 12:10:00+00:00,1,23.905
2025-04-24 12:10:00+00:00,1,19.203333333333333
2025-04-24 12:15:00+00:00,1,24.06
2025-04-24 12:35:00+00:00,0,21.494999999999997
2025-04-24 13:10:00+00:00,0,23.935
2025-04-24 13:35:00+00:00,0,21.744999999999997
2025-04-24 15:10:00+00:00,0,23.47333333333333
2025-04-24 17:35:00+00:00,0,21.28
2025-04-24 19:10:00+00:00,0,23.203333333333333
2025-04-24 20:35:00+00:00,0,20.995
2025-04-24 21:10:00+00:00,0,23.15
2025-04-25 05:15:00+00:00,1,20.0
2025-04-25 05:35:00+00:00,1,19.37
2025-04-25 05:35:00+00:00,1,20.03
2025-04-25 06:20:00+00:00,1,20.37
2025-04-25 06:35:00+00:00,0,20.53
2025-04-25 06:40:00+00:00,1,21.37
2025-04-25 06:40:00+00:00,1,21.0
2025-04-25 07:20:00+00:00,0,20.84
2025-04-25 07:25:00+00:00,1,19.31
2025-04-25 07:45:00+00:00,1,21.68
2025-04-25 08:35:00+00:00,0,21.994999999999997
2025-04-25 09:20:00+00:00,1,23.81
2025-04-25 10:25:00+00:00,1,24.0
2025-04-25 11:15:00+00:00,1,24.31
2025-04-25 12:15:00+00:00,1,24.5
2025-04-25 12:30:00+00:00,0,24.5
2025-04-25 13:15:00+00:00,0,24.24666666666667
2025-04-25 14:15:00+00:00,0,23.995
2025-04-25 14:35:00+00:00,0,22.685000000000002
2025-04-25 17:15:00+00:00,0,23.560000000000002
2025-04-25 17:35:00+00:00,0,21.9
2025-04-25 21:35:00+00:00,0,21.215
2025-04-25 23:15:00+00:00,0,23.244999999999997
2025-04-26 02:15:00+00:00,0,23.139999999999997
2025-04-26 03:35:00+00:00,0,19.745
2025-04-26 04:35:00+00:00,0,19.525
2025-04-26 11:15:00+00:00,0,23.369999999999997
2025-04-26 11:35:00+00:00,0,20.810000000000002
2025-04-26 12:35:00+00:00,0,21.155
2025-04-26 13:35:00+00:00,0,21.53
2025-04-26 14:35:00+00:00,0,21.875
2025-04-26 17:35:00+00:00,0,22.435000000000002
2025-04-26 19:35:00+00:00,0,22.375
2025-04-26 23:35:00+00:00,0,20.655
2025-04-27 08:35:00+00:00,0,19.775
2025-04-27 12:15:00+00:00,0,23.389999999999997
2025-04-27 12:35:00+00:00,0,21.09
2025-04-27 13:15:00+00:00,0,23.516666666666666
2025-04-27 16:15:00+00:00,0,23.72666666666667
2025-04-27 17:35:00+00:00,0,22.185000000000002
2025-04-27 21:15:00+00:00,0,23.64
2025-04-28 02:35:00+00:00,0,19.875
2025-04-28 05:20:00+00:00,1,18.56
2025-04-28 06:15:00+00:00,1,23.513333333333332
2025-04-28 06:20:00+00:00,1,23.68
2025-04-28 07:15:00+00:00,1,23.84
2025-04-28 08:15:00+00:00,1,24.125
2025-04-28 08:20:00+00:00,1,24.25
2025-04-28 08:30:00+00:00,1,21.75
2025-04-28 08:55:00+00:00,1,21.34
2025-04-28 09:15:00+00:00,1,24.270833333333332
2025-04-28 09:25:00+00:00,1,22.155
2025-04-28 10:15:00+00:00,1,24.81
2025-04-28 10:25:00+00:00,0,24.81
2025-04-28 11:15:00+00:00,0,24.929999999999996
2025-04-28 11:20:00+00:00,0,24.93
2025-04-28 11:30:00+00:00,1,24.93
2025-04-28 11:30:00+00:00,1,23.87
2025-04-28 11:50:00+00:00,1,22.68
2025-04-28 12:15:00+00:00,1,25.62
2025-04-28 12:25:00+00:00,1,23.995
2025-04-28 12:30:00+00:00,0,25.62
2025-04-28 13:15:00+00:00,0,24.87
2025-04-28 13:25:00+00:00,0,24.09
2025-04-28 14:15:00+00:00,0,24.62
2025-04-28 16:15:00+00:00,0,24.43
2025-04-28 16:25:00+00:00,0,24.429999999999996
2025-04-28 16:25:00+00:00,0,23.777499999999996
2025-04-28 19:25:00+00:00,0,22.994999999999997
2025-04-29 01:50:00+00:00,0,19.973333333333333
2025-04-29 03:30:00+00:00,0,20.825
2025-04-29 04:30:00+00:00,0,20.790000000000003
2025-04-29 05:30:00+00:00,0,20.916666666666668
2025-04-29 06:00:00+00:00,1,18.37
2025-04-29 06:05:00+00:00,0,17.37
2025-04-29 06:10:00+00:00,0,16.87
2025-04-29 06:15:00+00:00,0,23.935000000000002
2025-04-29 06:20:00+00:00,1,24.12
2025-04-29 06:20:00+00:00,1,16.37
2025-04-29 06:30:00+00:00,1,21.12
2025-04-29 07:10:00+00:00,1,16.59
2025-04-29 07:15:00+00:00,1,24.215
2025-04-29 07:15:00+00:00,1,17.31
2025-04-29 07:20:00+00:00,1,17.81
2025-04-29 07:25:00+00:00,0,17.81
2025-04-29 07:30:00+00:00,1,21.369999999999997
2025-04-29 07:40:00+00:00,1,16.81
2025-04-29 08:05:00+00:00,0,16.81
2025-04-29 08:25:00+00:00,1,24.43
2025-04-29 08:30:00+00:00,1,21.80666666666666
2025-04-29 08:35:00+00:00,1,16.715
2025-04-29 08:35:00+00:00,1,21.93
2025-04-29 08:55:00+00:00,0,18.286666666666665
2025-04-29 09:30:00+00:00,1,21.97666666666667
2025-04-29 09:35:00+00:00,1,22.0
2025-04-29 10:15:00+00:00,0,24.75
2025-04-29 10:20:00+00:00,0,25.0
2025-04-29 10:25:00+00:00,1,25.0
2025-04-29 10:30:00+00:00,1,22.166666666666668
2025-04-29 10:35:00+00:00,1,22.25
2025-04-29 10:55:00+00:00,1,19.0
2025-04-29 11:10:00+00:00,1,19.5
2025-04-29 11:15:00+00:00,1,25.25
2025-04-29 11:20:00+00:00,1,25.5
2025-04-29 11:25:00+00:00,0,25.5
2025-04-29 11:30:00+00:00,0,22.703333333333333
2025-04-29 11:45:00+00:00,1,22.93
2025-04-29 12:15:00+00:00,0,25.706666666666667
2025-04-29 12:20:00+00:00,0,25.81
2025-04-29 12:25:00+00:00,1,25.81
2025-04-29 12:30:00+00:00,1,23.39
2025-04-29 13:15:00+00:00,0,25.25
2025-04-29 13:30:00+00:00,0,23.659999999999997
2025-04-29 13:50:00+00:00,0,22.333333333333332
2025-04-29 16:30:00+00:00,0,23.889999999999997
2025-04-29 18:15:00+00:00,0,24.679999999999996
2025-04-29 18:20:00+00:00,0,24.68
2025-04-29 19:15:00+00:00,0,24.56
2025-04-29 19:30:00+00:00,0,23.875
2025-04-29 22:30:00+00:00,0,22.64333333333333
2025-04-30 00:30:00+00:00,0,21.91333333333333
2025-04-30 01:30:00+00:00,0,21.685
2025-04-30 02:30:00+00:00,0,21.39333333333333
2025-04-30 05:30:00+00:00,1,21.16
2025-04-30 06:20:00+00:00,1,24.75
2025-04-30 07:15:00+00:00,1,25.06
2025-04-30 07:30:00+00:00,1,21.15
2025-04-30 07:30:00+00:00,1,22.22333333333333
2025-04-30 07:35:00+00:00,0,25.06
2025-04-30 08:15:00+00:00,1,25.179999999999996
2025-04-30 08:20:00+00:00,1,25.18
2025-04-30 08:30:00+00:00,0,25.18
2025-04-30 08:30:00+00:00,0,22.555
2025-04-30 08:50:00+00:00,1,25.180000000000003
2025-04-30 09:30:00+00:00,0,19.9
2025-04-30 09:30:00+00:00,0,22.869999999999997
2025-04-30 09:40:00+00:00,1,20.18
2025-04-30 10:05:00+00:00,0,25.179999999999996
2025-04-30 10:30:00+00:00,0,23.433333333333334
2025-04-30 11:00:00+00:00,1,20.93
2025-04-30 11:00:00+00:00,1,23.62
2025-04-30 11:15:00+00:00,0,25.540000000000003
2025-04-30 11:20:00+00:00,0,25.56
2025-04-30 11:30:00+00:00,0,23.745
2025-04-30 12:15:00+00:00,0,25.34
2025-04-30 12:20:00+00:00,0,25.12
2025-04-30 13:15:00+00:00,0,25.08
2025-04-30 13:20:00+00:00,0,22.905
2025-04-30 14:30:00+00:00,0,24.275
2025-04-30 15:15:00+00:00,0,25.09
2025-04-30 15:30:00+00:00,0,24.465
2025-04-30 16:30:00+00:00,0,24.639999999999997
2025-04-30 18:30:00+00:00,0,24.64
2025-04-30 19:15:00+00:00,0,24.97333333333333
2025-04-30 19:20:00+00:00,0,23.655
2025-04-30 19:30:00+00:00,0,24.41333333333333
2025-04-30 20:20:00+00:00,0,22.935
2025-04-30 20:40:00+00:00,0,24.869999999999997
2025-04-30 21:30:00+00:00,0,23.536666666666665
2025-04-30 21:40:00+00:00,0,24.72333333333333
2025-04-30 22:20:00+00:00,0,21.869999999999997
2025-04-30 22:30:00+00:00,0,23.290000000000003
2025-05-01 00:40:00+00:00,0,24.59
2025-05-01 01:30:00+00:00,0,22.05666666666666
2025-05-01 01:40:00+00:00,0,24.53
2025-05-01 02:30:00+00:00,0,21.805
2025-05-01 03:30:00+00:00,0,21.555
2025-05-01 03:40:00+00:00,0,24.4
2025-05-01 04:30:00+00:00,0,21.349999999999998
2025-05-01 09:40:00+00:00,0,24.435000000000002
2025-05-01 12:40:00+00:00,0,24.744999999999997
2025-05-01 13:35:00+00:00,0,23.893333333333334
2025-05-01 13:40:00+00:00,0,24.889999999999997
2025-05-01 14:35:00+00:00,0,24.155
2025-05-01 14:40:00+00:00,0,24.994999999999997
2025-05-01 15:40:00+00:00,0,25.139999999999997
2025-05-01 16:35:00+00:00,0,24.775
2025-05-01 16:40:00+00:00,0,25.22666666666667
2025-05-01 17:35:00+00:00,0,25.096666666666664
2025-05-01 17:40:00+00:00,0,25.290000000000003
2025-05-01 17:45:00+00:00,0,25.31
2025-05-01 18:35:00+00:00,0,25.266666666666666
2025-05-01 19:35:00+00:00,0,25.215
2025-05-01 19:40:00+00:00,0,25.22333333333333
2025-05-01 20:40:00+00:00,0,25.099999999999998
2025-05-01 21:35:00+00:00,0,24.286666666666665
2025-05-01 22:35:00+00:00,0,23.826666666666664
2025-05-01 22:40:00+00:00,0,24.89
2025-05-01 23:35:00+00:00,0,23.473333333333333
2025-05-01 23:40:00+00:00,0,24.83
2025-05-02 00:40:00+00:00,0,24.77
2025-05-02 02:35:00+00:00,0,22.766666666666666
2025-05-02 02:40:00+00:00,0,24.715
2025-05-02 03:35:00+00:00,0,22.41333333333333
2025-05-02 04:35:00+00:00,0,22.183333333333334
2025-05-02 05:15:00+00:00,1,24.62
2025-05-02 05:15:00+00:00,1,21.06
2025-05-02 05:35:00+00:00,1,22.326666666666664
2025-05-02 05:40:00+00:00,1,24.826666666666664
2025-05-02 06:35:00+00:00,1,22.65
2025-05-02 06:40:00+00:00,1,25.183333333333334
2025-05-02 06:40:00+00:00,1,22.87
2025-05-02 06:45:00+00:00,1,25.31
2025-05-02 07:20:00+00:00,1,21.62
2025-05-02 07:40:00+00:00,0,25.405
2025-05-02 08:40:00+00:00,1,25.402500000000003
2025-05-02 08:45:00+00:00,1,25.37
2025-05-02 09:10:00+00:00,0,25.37
2025-05-02 09:35:00+00:00,1,22.936666666666667
2025-05-02 09:40:00+00:00,1,25.34
2025-05-02 10:35:00+00:00,1,22.59
2025-05-02 10:40:00+00:00,0,16.31
2025-05-02 10:50:00+00:00,1,16.31
2025-05-02 11:15:00+00:00,0,17.31
2025-05-02 11:35:00+00:00,0,22.643333333333334
2025-05-02 11:40:00+00:00,1,25.476666666666663
2025-05-02 11:45:00+00:00,1,25.56
2025-05-02 11:55:00+00:00,0,18.06
2025-05-02 12:05:00+00:00,1,18.06
2025-05-02 12:40:00+00:00,0,25.494999999999997
2025-05-02 12:45:00+00:00,0,25.43
2025-05-02 13:35:00+00:00,0,23.266666666666666
2025-05-02 13:40:00+00:00,0,25.244999999999997
2025-05-02 15:25:00+00:00,0,22.560000000000002
2025-05-02 16:40:00+00:00,0,24.84
2025-05-02 17:40:00+00:00,0,24.78
2025-05-02 19:35:00+00:00,0,23.05666666666666
2025-05-02 19:40:00+00:00,0,24.703333333333333
2025-05-02 20:25:00+00:00,0,21.685000000000002
2025-05-02 20:35:00+00:00,0,22.596666666666664
2025-05-02 20:40:00+00:00,0,24.65
2025-05-02 23:35:00+00:00,0,21.393333333333334
2025-05-03 02:40:00+00:00,0,24.33
2025-05-03 03:35:00+00:00,0,20.703333333333333
2025-05-03 05:25:00+00:00,0,19.994999999999997
2025-05-03 06:35:00+00:00,0,20.889999999999997
2025-05-03 07:35:00+00:00,0,21.016666666666666
2025-05-03 09:25:00+00:00,0,20.869999999999997
2025-05-03 09:35:00+00:00,0,21.456666666666667
2025-05-03 10:35:00+00:00,0,21.766666666666666
2025-05-03 11:35:00+00:00,0,21.996666666666666
2025-05-03 12:25:00+00:00,0,21.4
2025-05-03 12:35:00+00:00,0,22.119999999999997
2025-05-03 14:35:00+00:00,0,22.15
2025-05-03 15:35:00+00:00,0,21.99333333333333
2025-05-03 16:25:00+00:00,0,20.875
2025-05-03 17:35:00+00:00,0,21.536666666666665
2025-05-03 19:35:00+00:00,0,20.993333333333332
2025-05-03 20:35:00+00:00,0,20.723333333333333
2025-05-03 21:35:00+00:00,0,20.495
2025-05-03 23:35:00+00:00,0,20.14
2025-05-04 06:25:00+00:00,0,18.995
2025-05-04 07:25:00+00:00,0,19.245
2025-05-04 08:25:00+00:00,0,19.495
2025-05-04 09:35:00+00:00,0,20.246666666666666
2025-05-04 13:35:00+00:00,0,20.91
2025-05-04 15:35:00+00:00,0,20.953333333333333
2025-05-04 16:35:00+00:00,0,20.9
2025-05-04 17:35:00+00:00,0,20.83
2025-05-04 19:35:00+00:00,0,20.663333333333338
2025-05-04 21:25:00+00:00,0,19.119999999999997
2025-05-04 21:35:00+00:00,0,20.103333333333335
2025-05-04 22:25:00+00:00,0,18.9
2025-05-04 22:35:00+00:00,0,19.913333333333338
2025-05-05 00:35:00+00:00,0,19.683333333333334
2025-05-05 02:25:00+00:00,0,18.494999999999997
2025-05-05 03:25:00+00:00,0,18.369999999999997
2025-05-05 04:25:00+00:00,0,18.28
2025-05-05 04:35:00+00:00,0,19.163333333333338
2025-05-05 05:10:00+00:00,1,18.25
2025-05-05 05:25:00+00:00,1,18.310000000000002
2025-05-05 08:30:00+00:00,1,20.905
2025-05-05 08:35:00+00:00,1,19.25
2025-05-05 09:25:00+00:00,0,24.0276923076923
2025-05-05 09:30:00+00:00,0,24.05999999999999
2025-05-05 09:40:00+00:00,1,24.059999999999985
2025-05-05 09:40:00+00:00,1,19.18
2025-05-05 09:40:00+00:00,1,21.5
2025-05-05 09:45:00+00:00,1,24.059999999999995
2025-05-05 09:45:00+00:00,1,24.37
2025-05-05 09:50:00+00:00,1,19.513333333333332
2025-05-05 09:55:00+00:00,1,24.059999999999977
2025-05-05 10:00:00+00:00,1,24.05999999999998
2025-05-05 10:10:00+00:00,0,24.059999999999988
2025-05-05 10:20:00+00:00,1,24.05999999999999
2025-05-05 10:25:00+00:00,0,24.107999999999993
2025-05-05 10:30:00+00:00,1,24.17999999999999
2025-05-05 10:30:00+00:00,1,21.810000000000002
2025-05-05 10:35:00+00:00,0,24.180000000000003
2025-05-05 10:40:00+00:00,1,24.18
2025-05-05 10:45:00+00:00,1,24.179999999999993
2025-05-05 10:55:00+00:00,1,20.39333333333333
2025-05-05 11:00:00+00:00,1,24.179999999999986
2025-05-05 11:25:00+00:00,1,24.297187499999986
2025-05-05 11:30:00+00:00,1,24.429999999999993
2025-05-05 11:30:00+00:00,1,19.333333333333332
2025-05-05 11:30:00+00:00,1,22.245
2025-05-05 11:35:00+00:00,1,24.42999999999999
2025-05-05 11:35:00+00:00,1,18.0
2025-05-05 11:35:00+00:00,1,22.37
2025-05-05 11:45:00+00:00,1,24.42999999999998
2025-05-05 11:50:00+00:00,1,24.429999999999986
2025-05-05 11:55:00+00:00,1,24.429999999999982
2025-05-05 12:25:00+00:00,0,24.495769230769234
2025-05-06 05:40:00+00:00,0,16.12
2025-05-06 05:50:00+00:00,0,15.620000000000001
2025-05-06 05:55:00+00:00,0,14.62
2025-05-06 06:00:00+00:00,1,14.12
2025-05-06 06:10:00+00:00,0,14.12
2025-05-06 06:20:00+00:00,1,13.62
2025-05-06 06:25:00+00:00,1,24.028124999999992
2025-05-06 06:50:00+00:00,1,24.179999999999996
2025-05-06 06:55:00+00:00,0,15.12
2025-05-06 07:15:00+00:00,1,14.786666666666667
2025-05-06 07:25:00+00:00,1,24.191666666666663
2025-05-06 08:00:00+00:00,1,17.263333333333332
2025-05-06 08:25:00+00:00,1,24.272222222222222
2025-05-06 08:30:00+00:00,0,17.93
2025-05-06 08:45:00+00:00,1,24.68
2025-05-06 09:10:00+00:00,0,18.34
2025-05-06 09:25:00+00:00,0,24.383846153846147
2025-05-06 09:40:00+00:00,1,17.75
2025-05-06 10:00:00+00:00,0,17.75
2025-05-06 10:10:00+00:00,0,24.429999999999993
2025-05-06 10:25:00+00:00,1,24.466538461538466
2025-05-06 10:45:00+00:00,1,25.429999999999996
2025-05-06 10:50:00+00:00,1,25.43
2025-05-06 11:25:00+00:00,1,24.645909090909086
2025-05-06 11:30:00+00:00,1,24.809999999999985
2025-05-06 11:35:00+00:00,1,16.95
2025-05-06 11:50:00+00:00,1,24.809999999999988
2025-05-06 11:55:00+00:00,1,24.80999999999999
2025-05-06 12:10:00+00:00,0,24.80999999999999
2025-05-06 12:25:00+00:00,0,24.829999999999995
2025-05-06 12:45:00+00:00,0,25.30666666666666
2025-05-06 13:20:00+00:00,0,24.930000000000003
2025-05-06 13:25:00+00:00,0,24.914999999999996
2025-05-06 13:30:00+00:00,0,24.809999999999988
2025-05-06 13:45:00+00:00,0,24.965
2025-05-06 14:45:00+00:00,0,24.663333333333338
2025-05-06 15:15:00+00:00,0,24.809999999999995
2025-05-06 15:45:00+00:00,0,24.560000000000002
2025-05-06 19:25:00+00:00,0,24.80454545454546
2025-05-06 20:25:00+00:00,0,24.74363636363636
2025-05-06 20:30:00+00:00,0,24.680000000000003
2025-05-06 21:25:00+00:00,0,24.674782608695658
2025-05-06 21:35:00+00:00,0,24.619999999999997
2025-05-06 21:45:00+00:00,0,24.203333333333333
2025-05-06 22:25:00+00:00,0,24.614545454545453
2025-05-06 22:30:00+00:00,0,24.55999999999999
2025-05-06 22:45:00+00:00,0,24.135
2025-05-06 23:05:00+00:00,0,24.559999999999995
2025-05-06 23:25:00+00:00,0,24.55727272727273
2025-05-07 00:25:00+00:00,0,24.496666666666663
2025-05-07 00:35:00+00:00,0,24.430000000000003
2025-05-07 02:10:00+00:00,0,24.39869565217391
2025-05-07 02:15:00+00:00,0,24.309999999999995
2025-05-07 02:45:00+00:00,0,24.30999999999999
2025-05-07 02:45:00+00:00,0,23.9
2025-05-07 03:10:00+00:00,0,24.293636363636367
2025-05-07 03:45:00+00:00,0,23.83
2025-05-07 04:10:00+00:00,0,24.230399999999996
2025-05-07 04:30:00+00:00,0,24.179999999999993
2025-05-07 05:10:00+00:00,0,24.165000000000003
2025-05-07 05:35:00+00:00,1,19.75
2025-05-07 06:10:00+00:00,1,24.151666666666657
2025-05-07 06:15:00+00:00,1,24.30999999999999
2025-05-07 06:25:00+00:00,0,24.309999999999988
2025-05-07 06:30:00+00:00,1,24.309999999999988
2025-05-07 06:35:00+00:00,1,24.309999999999985
2025-05-07 06:40:00+00:00,1,24.30999999999998
2025-05-07 06:45:00+00:00,1,24.286666666666665
2025-05-07 07:10:00+00:00,0,24.338799999999992
2025-05-07 07:30:00+00:00,1,21.43
2025-05-07 07:45:00+00:00,1,24.596666666666664
2025-05-07 08:10:00+00:00,1,24.4605882352941
2025-05-07 08:15:00+00:00,1,24.559999999999988
2025-05-07 08:30:00+00:00,1,21.87
2025-05-07 08:35:00+00:00,1,24.559999999999985
2025-05-07 08:45:00+00:00,1,24.715
2025-05-07 08:50:00+00:00,1,24.55999999999999
2025-05-07 09:00:00+00:00,1,24.55999999999998
2025-05-07 09:05:00+00:00,0,19.083333333333332
2025-05-07 10:10:00+00:00,1,24.571111111111108
2025-05-07 11:10:00+00:00,1,24.67
2025-05-07 11:15:00+00:00,1,24.87
2025-05-07 11:45:00+00:00,1,25.6025
2025-05-07 11:50:00+00:00,1,25.68
2025-05-07 12:00:00+00:00,0,25.68
2025-05-07 12:10:00+00:00,1,24.88925925925926
2025-05-07 12:45:00+00:00,0,25.513333333333332
2025-05-07 13:10:00+00:00,0,24.981428571428573
2025-05-07 13:45:00+00:00,0,25.016666666666666
2025-05-07 14:10:00+00:00,0,24.859999999999996
2025-05-07 14:45:00+00:00,0,24.683333333333334
2025-05-07 15:10:00+00:00,0,24.800769230769227
2025-05-07 15:45:00+00:00,0,24.540000000000003
2025-05-07 16:45:00+00:00,0,24.413333333333338
2025-05-07 17:40:00+00:00,0,21.810000000000002
2025-05-07 18:10:00+00:00,0,24.741599999999995
2025-05-07 18:25:00+00:00,0,24.679999999999993
2025-05-07 19:45:00+00:00,0,24.27
2025-05-07 20:10:00+00:00,0,24.671818181818185
2025-05-07 21:45:00+00:00,0,24.099999999999998
2025-05-07 22:10:00+00:00,0,24.61714285714286
2025-05-07 23:10:00+00:00,0,24.55714285714286
2025-05-07 23:45:00+00:00,0,23.953333333333333
2025-05-08 01:10:00+00:00,0,24.4275
2025-05-08 02:10:00+00:00,0,24.365384615384617
2025-05-08 03:35:00+00:00,0,18.994999999999997
2025-05-08 05:15:00+00:00,0,24.062399999999993
2025-05-08 06:00:00+00:00,0,24.059999999999995
2025-05-08 06:15:00+00:00,0,24.00230769230769
2025-05-08 07:15:00+00:00,0,23.932692307692303
2025-05-08 07:25:00+00:00,0,23.929999999999993
2025-05-08 08:10:00+00:00,0,23.930000000000003
2025-05-08 08:15:00+00:00,0,23.92999999999999
2025-05-08 09:15:00+00:00,0,23.872608695652175
2025-05-08 11:15:00+00:00,0,23.92538461538461
2025-05-08 12:15:00+00:00,0,23.994814814814816
2025-05-08 13:15:00+00:00,0,24.102222222222228
2025-05-08 14:15:00+00:00,0,24.174999999999997
2025-05-08 15:15:00+00:00,0,24.29074074074073
2025-05-08 16:15:00+00:00,0,24.3625
2025-05-08 17:15:00+00:00,0,24.420399999999994
2025-05-08 18:15:00+00:00,0,24.488333333333333
2025-05-08 20:15:00+00:00,0,24.443333333333335
2025-05-08 22:15:00+00:00,0,24.3796
2025-05-08 23:15:00+00:00,0,24.31782608695652
2025-05-09 00:15:00+00:00,0,24.25818181818182
2025-05-09 01:15:00+00:00,0,24.19333333333334
2025-05-09 02:15:00+00:00,0,24.126
2025-05-09 04:15:00+00:00,0,24.075555555555546
2025-05-09 05:15:00+00:00,0,24.014400000000002
2025-05-09 06:15:00+00:00,0,24.127499999999998
2025-05-09 06:40:00+00:00,1,24.179999999999982
2025-05-09 06:45:00+00:00,1,24.03
2025-05-09 07:15:00+00:00,0,24.3225
2025-05-09 08:15:00+00:00,0,24.501538461538452
2025-05-09 08:30:00+00:00,1,20.53
2025-05-09 08:45:00+00:00,1,24.810000000000002
2025-05-09 09:15:00+00:00,0,24.643076923076915
2025-05-09 09:25:00+00:00,1,24.679999999999993
2025-05-09 09:30:00+00:00,1,24.679999999999996
2025-05-09 09:35:00+00:00,1,24.67999999999999
2025-05-09 10:10:00+00:00,0,18.0
2025-05-09 10:45:00+00:00,1,24.679999999999986
2025-05-09 11:30:00+00:00,0,18.333333333333332
2025-05-09 11:50:00+00:00,1,25.75
2025-05-09 12:05:00+00:00,0,25.75
2025-05-09 12:15:00+00:00,1,24.93785714285713
2025-05-09 12:20:00+00:00,1,25.059999999999985
2025-05-09 12:20:00+00:00,1,20.5
2025-05-09 12:25:00+00:00,0,25.05999999999999
2025-05-09 12:30:00+00:00,0,25.059999999999988
2025-05-09 12:35:00+00:00,1,25.059999999999988
2025-05-09 12:45:00+00:00,0,25.830000000000002
2025-05-09 12:50:00+00:00,0,25.87
2025-05-09 13:15:00+00:00,0,25.023076923076925
2025-05-09 13:45:00+00:00,0,25.409999999999997
2025-05-09 14:15:00+00:00,0,24.95692307692307
2025-05-09 14:30:00+00:00,0,24.929999999999993
2025-05-09 14:40:00+00:00,0,24.92999999999999
2025-05-09 14:45:00+00:00,0,25.055
2025-05-09 16:15:00+00:00,0,24.972
2025-05-09 19:15:00+00:00,0,24.95961538461538
2025-05-09 20:45:00+00:00,0,24.58
2025-05-09 21:45:00+00:00,0,24.52
2025-05-09 22:15:00+00:00,0,24.897000000000002
2025-05-09 23:15:00+00:00,0,24.837272727272726
2025-05-10 01:15:00+00:00,0,24.781304347826087
2025-05-10 02:15:00+00:00,0,24.713478260869564
2025-05-10 03:15:00+00:00,0,24.650000000000002
2025-05-10 04:15:00+00:00,0,24.58999999999999
2025-05-10 04:25:00+00:00,0,24.559999999999988
2025-05-10 05:15:00+00:00,0,24.529999999999998
2025-05-10 07:15:00+00:00,0,24.466296296296285
2025-05-10 08:15:00+00:00,0,24.400000000000002
2025-05-10 10:45:00+00:00,0,24.290000000000003
2025-05-10 11:15:00+00:00,0,24.396666666666654
2025-05-10 11:45:00+00:00,0,24.389999999999997
2025-05-10 12:15:00+00:00,0,24.487199999999994
2025-05-10 12:45:00+00:00,0,24.494999999999997
2025-05-10 13:15:00+00:00,0,24.583571428571428
2025-05-10 13:30:00+00:00,0,22.956666666666667
2025-05-10 14:15:00+00:00,0,24.642222222222212
2025-05-10 15:15:00+00:00,0,24.72814814814814
2025-05-10 15:30:00+00:00,0,23.435
2025-05-10 16:15:00+00:00,0,24.834444444444443
2025-05-10 17:15:00+00:00,0,24.894999999999996
2025-05-10 18:30:00+00:00,0,23.994999999999997
2025-05-10 23:15:00+00:00,0,24.91
2025-05-10 23:45:00+00:00,0,21.15
2025-05-11 00:30:00+00:00,0,21.995
2025-05-11 01:15:00+00:00,0,24.852499999999992
2025-05-11 02:15:00+00:00,0,24.7925
2025-05-11 02:45:00+00:00,0,24.39
2025-05-11 03:15:00+00:00,0,24.7325
2025-05-11 04:15:00+00:00,0,24.663200000000003
2025-05-11 06:15:00+00:00,0,24.606153846153838
2025-05-11 06:45:00+00:00,0,20.745
2025-05-11 08:15:00+00:00,0,24.54615384615385
2025-05-11 09:15:00+00:00,0,24.48599999999999
2025-05-11 09:30:00+00:00,0,21.715
2025-05-11 10:15:00+00:00,0,24.44615384615385
2025-05-11 10:30:00+00:00,0,21.935
2025-05-11 11:15:00+00:00,0,24.51043478260869
2025-05-11 11:30:00+00:00,0,22.185
2025-05-11 11:45:00+00:00,0,21.435000000000002
2025-05-11 12:15:00+00:00,0,24.57384615384615
2025-05-11 13:15:00+00:00,0,24.648888888888887
2025-05-11 13:45:00+00:00,0,21.65
2025-05-11 14:15:00+00:00,0,24.773076923076925
2025-05-11 15:15:00+00:00,0,24.879599999999993
2025-05-11 16:15:00+00:00,0,24.9384
2025-05-11 18:15:00+00:00,0,25.00888888888888
2025-05-11 18:40:00+00:00,0,25.059999999999995
2025-05-11 21:30:00+00:00,0,22.494999999999997
2025-05-11 22:15:00+00:00,0,25.051428571428566
2025-05-11 23:15:00+00:00,0,24.990454545454543
2025-05-12 00:15:00+00:00,0,24.92428571428572
2025-05-12 02:15:00+00:00,0,24.864545454545453
2025-05-12 03:15:00+00:00,0,24.805555555555546
2025-05-12 04:15:00+00:00,0,24.74730769230769
2025-05-12 05:15:00+00:00,0,24.6775
2025-05-12 05:50:00+00:00,0,24.405
2025-05-12 05:55:00+00:00,1,24.56
2025-05-12 06:05:00+00:00,1,19.84
2025-05-12 06:30:00+00:00,1,20.745
2025-05-12 06:35:00+00:00,1,25.2
2025-05-12 06:35:00+00:00,1,24.930000000000003
2025-05-12 06:40:00+00:00,1,24.93000000000001
2025-05-12 06:45:00+00:00,1,25.3
2025-05-12 06:45:00+00:00,1,24.929999999999996
2025-05-12 06:50:00+00:00,1,24.853333333333335
2025-05-12 07:05:00+00:00,0,25.3
2025-05-12 07:05:00+00:00,0,24.930000000000017
2025-05-12 07:20:00+00:00,1,25.05999999999998
2025-05-12 07:20:00+00:00,1,24.980294117647023
2025-05-12 07:20:00+00:00,0,25.05999999999998
2025-05-12 07:20:00+00:00,0,25.2
2025-05-12 07:20:00+00:00,0,24.980294117647023
2025-05-12 07:25:00+00:00,0,25.109999999999967
2025-05-12 07:30:00+00:00,0,25.10999999999997
2025-05-12 07:35:00+00:00,0,25.109999999999964
2025-05-12 07:45:00+00:00,1,25.05999999999999
2025-05-12 07:45:00+00:00,1,25.109999999999967
2025-05-12 07:50:00+00:00,1,25.366666666666664
2025-05-12 07:50:00+00:00,1,25.10999999999996
2025-05-12 07:50:00+00:00,1,25.206666666666667
2025-05-12 08:00:00+00:00,1,25.399999999999995
2025-05-12 08:05:00+00:00,1,25.109999999999985
2025-05-12 08:05:00+00:00,0,25.109999999999985
2025-05-12 08:10:00+00:00,0,25.399999999999995
2025-05-12 08:10:00+00:00,0,25.110000000000007
2025-05-12 08:15:00+00:00,0,25.10999999999998
2025-05-12 08:20:00+00:00,0,25.117600000000003
2025-05-12 08:20:00+00:00,0,25.15843137254903
2025-05-12 08:25:00+00:00,0,25.240000000000006
2025-05-12 08:35:00+00:00,0,25.4
2025-05-12 08:50:00+00:00,0,25.28
2025-05-12 09:05:00+00:00,1,25.12
2025-05-12 09:05:00+00:00,1,25.240000000000006
2025-05-12 09:20:00+00:00,0,25.439999999999998
2025-05-12 09:20:00+00:00,0,25.24308823529412
2025-05-12 09:25:00+00:00,0,23.076666666666668
2025-05-12 09:25:00+00:00,1,25.4
2025-05-12 09:25:00+00:00,1,23.076666666666668
